,name,food_link,drink_link
0,しゃぶしゃぶ　個室居酒屋　とん仙　国分町フォーラス前店,https://www.hotpepper.jp/strJ001153875/food/,https://www.hotpepper.jp/strJ001153875/drink/
1,鍋と肉居酒屋　牛タン　焼き鳥　是空　仙台国分町,https://www.hotpepper.jp/strJ001054839/food/,https://www.hotpepper.jp/strJ001054839/drink/
2,十人十色　　といろ,https://www.hotpepper.jp/strJ001026362/food/,https://www.hotpepper.jp/strJ001026362/drink/
3,しゃぶしゃぶ　せり鍋　TONSEN　国分町フォーラス前店,https://www.hotpepper.jp/strJ001179721/food/,https://www.hotpepper.jp/strJ001179721/drink/
4,宮城うまいもん創作酒場　遊とり,https://www.hotpepper.jp/strJ001217293/food/,https://www.hotpepper.jp/strJ001217293/drink/
5,焼き鳥と桜肉と日本酒　　鶏櫻,https://www.hotpepper.jp/strJ001171389/food/,https://www.hotpepper.jp/strJ001171389/drink/
6,二丁目酒場　こいこい　国分町店,https://www.hotpepper.jp/strJ001203383/food/,https://www.hotpepper.jp/strJ001203383/drink/
7,宮城のうまいもん 発酵とお出汁 わび彩　国分町 居酒屋 個室 せり鍋,https://www.hotpepper.jp/strJ001160592/food/,https://www.hotpepper.jp/strJ001160592/drink/
8,肉×個室×夜景   空-Sora-,https://www.hotpepper.jp/strJ001192814/food/,https://www.hotpepper.jp/strJ001192814/drink/
9,日本酒と蒸しとお出汁 ふく籠 FUKUROU（ふくろう),https://www.hotpepper.jp/strJ001119940/food/,https://www.hotpepper.jp/strJ001119940/drink/
10,炭火焼と旬の店 日々木　国分町 居酒屋 完全個室,https://www.hotpepper.jp/strJ001171270/food/,https://www.hotpepper.jp/strJ001171270/drink/
11,博多ちかっぱ食堂どげん,https://www.hotpepper.jp/strJ000716816/food/,https://www.hotpepper.jp/strJ000716816/drink/
12,【3月下旬リニューアル】個室居酒屋　粋～いなせ～国分町店,https://www.hotpepper.jp/strJ001170770/food/,https://www.hotpepper.jp/strJ001170770/drink/
13,発酵の里 侘びいち　国分町 居酒屋 完全個室 せり鍋,https://www.hotpepper.jp/strJ001118722/food/,https://www.hotpepper.jp/strJ001118722/drink/
14,漁場直送日本一の宮城の魚が喰える店　第十一天海丸,https://www.hotpepper.jp/strJ000861735/food/,https://www.hotpepper.jp/strJ000861735/drink/
15,個室＆肉＆食べ放題＆飲み放題 国分町 ＧＥＫＫＯＨ　月虹,https://www.hotpepper.jp/strJ001008835/food/,https://www.hotpepper.jp/strJ001008835/drink/
16,ダイニングバー　La Foret　(ラフォーレ)　仙台国分町,https://www.hotpepper.jp/strJ001041754/food/,https://www.hotpepper.jp/strJ001041754/drink/
17,ぼんてん漁港勾当台店,https://www.hotpepper.jp/strJ001135316/food/,https://www.hotpepper.jp/strJ001135316/drink/
18,個室完備×宮城のうまいもん×串揚げ　大衆居酒屋　仙臺よさこい,https://www.hotpepper.jp/strJ001193524/food/,https://www.hotpepper.jp/strJ001193524/drink/
19,九州酒場　仙台国分町店,https://www.hotpepper.jp/strJ001176613/food/,https://www.hotpepper.jp/strJ001176613/drink/
20,仙台個室居酒屋 国分町 炙り屋 GRILLMAN(グリルマン),https://www.hotpepper.jp/strJ001050804/food/,https://www.hotpepper.jp/strJ001050804/drink/
21,亜門　仙台うまいもん　個室居酒屋,https://www.hotpepper.jp/strJ000027555/food/,https://www.hotpepper.jp/strJ000027555/drink/
22,炭火焼と旬の店 日々木　国分町 居酒屋 完全個室,https://www.hotpepper.jp/strJ001171270/food/,https://www.hotpepper.jp/strJ001171270/drink/
23,鍋と肉居酒屋　牛タン　焼き鳥　是空　仙台国分町,https://www.hotpepper.jp/strJ001054839/food/,https://www.hotpepper.jp/strJ001054839/drink/
24,毬や　個室 和食 肉 牛タン 日本酒,https://www.hotpepper.jp/strJ000759544/food/,https://www.hotpepper.jp/strJ000759544/drink/
25,日本酒と蒸しとお出汁 ふく籠 FUKUROU（ふくろう),https://www.hotpepper.jp/strJ001119940/food/,https://www.hotpepper.jp/strJ001119940/drink/
26,宮城うまいもん創作酒場　遊とり,https://www.hotpepper.jp/strJ001217293/food/,https://www.hotpepper.jp/strJ001217293/drink/
27,伊達前酒場　赤猿,https://www.hotpepper.jp/strJ000989089/food/,https://www.hotpepper.jp/strJ000989089/drink/
28,隠れ家個室居酒屋　牛どき　仙台国分町,https://www.hotpepper.jp/strJ001202101/food/,https://www.hotpepper.jp/strJ001202101/drink/
29,完全個室　A5仙台牛＆せり鍋×牛タン食べ放題　伊達の肉居酒屋 祭火鳥（まつりびと）,https://www.hotpepper.jp/strJ001126114/food/,https://www.hotpepper.jp/strJ001126114/drink/
30,東北日本酒個室居酒屋　暁,https://www.hotpepper.jp/strJ001202964/food/,https://www.hotpepper.jp/strJ001202964/drink/
31,漁場直送日本一の宮城の魚が喰える店　第十一天海丸,https://www.hotpepper.jp/strJ000861735/food/,https://www.hotpepper.jp/strJ000861735/drink/
32,しゃぶしゃぶ　個室居酒屋　とん仙　国分町フォーラス前店,https://www.hotpepper.jp/strJ001153875/food/,https://www.hotpepper.jp/strJ001153875/drink/
33,【4/3 OPEN】東北名物×日本酒堪能　個室完備居酒屋 仙台酒場 国分町店,https://www.hotpepper.jp/strJ001217072/food/,https://www.hotpepper.jp/strJ001217072/drink/
34,個室庭園　禅楽　AGURA　（あぐら）,https://www.hotpepper.jp/strJ000955052/food/,https://www.hotpepper.jp/strJ000955052/drink/
35,完全個室　東北地酒　仙台牛　せり鍋　東北みちのえき　国分町店,https://www.hotpepper.jp/strJ001051289/food/,https://www.hotpepper.jp/strJ001051289/drink/
36,国分町酒場　狸小路店,https://www.hotpepper.jp/strJ001154690/food/,https://www.hotpepper.jp/strJ001154690/drink/
37,おしか半島　国分町店,https://www.hotpepper.jp/strJ000026086/food/,https://www.hotpepper.jp/strJ000026086/drink/
38,【4/15リニューアル】定食ハイボール　壱,https://www.hotpepper.jp/strJ000773445/food/,https://www.hotpepper.jp/strJ000773445/drink/
39,【3/11 OPEN】餃子と天ぷらBig鶏の唐揚げ大衆居酒屋 虎まる 仙台国分町店,https://www.hotpepper.jp/strJ001215846/food/,https://www.hotpepper.jp/strJ001215846/drink/
40,発酵の里 侘びいち　国分町 居酒屋 完全個室 せり鍋,https://www.hotpepper.jp/strJ001118722/food/,https://www.hotpepper.jp/strJ001118722/drink/
41,十人十色　　といろ,https://www.hotpepper.jp/strJ001026362/food/,https://www.hotpepper.jp/strJ001026362/drink/
42,旨い肴と炭火のお店　はれた　仙台一番町,https://www.hotpepper.jp/strJ001178018/food/,https://www.hotpepper.jp/strJ001178018/drink/
43,焼鳥×牛タンしゃぶしゃぶ肉128種食べ放題【大衆酒場】TimBARHouse(ティンバーハウス),https://www.hotpepper.jp/strJ001099111/food/,https://www.hotpepper.jp/strJ001099111/drink/
44,和み酒房　蛍火　ほたるび　国分町店　牛タン　日本酒　飲み放題,https://www.hotpepper.jp/strJ001042856/food/,https://www.hotpepper.jp/strJ001042856/drink/
45,個室　藁焼きと47都道府県の日本酒　龍馬　仙台国分町店,https://www.hotpepper.jp/strJ001208308/food/,https://www.hotpepper.jp/strJ001208308/drink/
46,【3月下旬リニューアル】個室居酒屋　粋～いなせ～国分町店,https://www.hotpepper.jp/strJ001170770/food/,https://www.hotpepper.jp/strJ001170770/drink/
47,わらやき屋　仙台国分町,https://www.hotpepper.jp/strJ001201998/food/,https://www.hotpepper.jp/strJ001201998/drink/
48,石巻港　津田鮮魚店,https://www.hotpepper.jp/strJ000987986/food/,https://www.hotpepper.jp/strJ000987986/drink/
49,博多ちかっぱ食堂どげん,https://www.hotpepper.jp/strJ000716816/food/,https://www.hotpepper.jp/strJ000716816/drink/
50,美食空間　きょういち　,https://www.hotpepper.jp/strJ001028152/food/,https://www.hotpepper.jp/strJ001028152/drink/
51,居酒屋　湘南茅ヶ崎　道　国分町店,https://www.hotpepper.jp/strJ001000238/food/,https://www.hotpepper.jp/strJ001000238/drink/
52,伊達の個室居酒屋  夢源（ムゲン）,https://www.hotpepper.jp/strJ000954876/food/,https://www.hotpepper.jp/strJ000954876/drink/
53,仙台炭火焼鳥個室居酒屋　鶏一番星　国分町店,https://www.hotpepper.jp/strJ001155075/food/,https://www.hotpepper.jp/strJ001155075/drink/
54,宮城のうまいもん 発酵とお出汁 わび彩　国分町 居酒屋 個室 せり鍋,https://www.hotpepper.jp/strJ001160592/food/,https://www.hotpepper.jp/strJ001160592/drink/
55,北の家族　仙台国分町店,https://www.hotpepper.jp/strJ000028234/food/,https://www.hotpepper.jp/strJ000028234/drink/
56,ぼんてん漁港勾当台店,https://www.hotpepper.jp/strJ001135316/food/,https://www.hotpepper.jp/strJ001135316/drink/
57,鍋×肉フェスバル居酒屋185種 食べ放題&飲み放題 LikE Cafe（ライクカフェ）,https://www.hotpepper.jp/strJ001027994/food/,https://www.hotpepper.jp/strJ001027994/drink/
58,和食と肉料理　仁吉庵,https://www.hotpepper.jp/strJ001101925/food/,https://www.hotpepper.jp/strJ001101925/drink/
59,肉×個室×夜景   空-Sora-,https://www.hotpepper.jp/strJ001192814/food/,https://www.hotpepper.jp/strJ001192814/drink/
60,チーズ×肉バル チーズインニューヨーク 仙台国分町店,https://www.hotpepper.jp/strJ001209540/food/,https://www.hotpepper.jp/strJ001209540/drink/
61,仙台　二丁目酒場　虎屋横丁店,https://www.hotpepper.jp/strJ000797246/food/,https://www.hotpepper.jp/strJ000797246/drink/
62,【2/1リニューアル】焼き鳥×牛タン食べ放題の個室居酒屋　アジト,https://www.hotpepper.jp/strJ001028516/food/,https://www.hotpepper.jp/strJ001028516/drink/
63,美食空間　きょういち　,https://www.hotpepper.jp/strJ001028152/food/,https://www.hotpepper.jp/strJ001028152/drink/
64,【4/3 OPEN】東北名物×日本酒堪能　個室完備居酒屋 仙台酒場 国分町店,https://www.hotpepper.jp/strJ001217072/food/,https://www.hotpepper.jp/strJ001217072/drink/
65,伊達前酒場　赤猿,https://www.hotpepper.jp/strJ000989089/food/,https://www.hotpepper.jp/strJ000989089/drink/
66,【4/15リニューアル】定食ハイボール　壱,https://www.hotpepper.jp/strJ000773445/food/,https://www.hotpepper.jp/strJ000773445/drink/
67,仙台牛タン居酒屋　集合郎　本店,https://www.hotpepper.jp/strJ000026998/food/,https://www.hotpepper.jp/strJ000026998/drink/
68,北の家族　仙台国分町店,https://www.hotpepper.jp/strJ000028234/food/,https://www.hotpepper.jp/strJ000028234/drink/
69,【4/25 OPEN予定】炭火居酒屋　たま　仙台稲荷小路店,https://www.hotpepper.jp/strJ001216977/food/,https://www.hotpepper.jp/strJ001216977/drink/
70,てつ,https://www.hotpepper.jp/strJ001216832/food/,https://www.hotpepper.jp/strJ001216832/drink/
71,函館　あかちょうちん　仙台　国分町店,https://www.hotpepper.jp/strJ000026333/food/,https://www.hotpepper.jp/strJ000026333/drink/
72,食堂居酒屋　天地笑店,https://www.hotpepper.jp/strJ001208994/food/,https://www.hotpepper.jp/strJ001208994/drink/
73,風のごとく,https://www.hotpepper.jp/strJ000655922/food/,https://www.hotpepper.jp/strJ000655922/drink/
74,炭火焼き鳥 個室ダイニング TAMAMIYA-たまみや- 定禅寺通り,https://www.hotpepper.jp/strJ000026668/food/,https://www.hotpepper.jp/strJ000026668/drink/
75,炭鮮　国分町店,https://www.hotpepper.jp/strJ000026749/food/,https://www.hotpepper.jp/strJ000026749/drink/
76,酒房　幸村,https://www.hotpepper.jp/strJ001019746/food/,https://www.hotpepper.jp/strJ001019746/drink/
77,囲酒夜 月天洋,https://www.hotpepper.jp/strJ000757387/food/,https://www.hotpepper.jp/strJ000757387/drink/
78,食べ放題＆完全貸切パーティ館　ONE COM（わんかん）,https://www.hotpepper.jp/strJ000039151/food/,https://www.hotpepper.jp/strJ000039151/drink/
79,酉や喜兵衛　Neo　国分町通り店,https://www.hotpepper.jp/strJ001145374/food/,https://www.hotpepper.jp/strJ001145374/drink/
80,ぶたと和いん,https://www.hotpepper.jp/strJ000973080/food/,https://www.hotpepper.jp/strJ000973080/drink/
81,居酒屋フレンチ『ranpu』2号店,https://www.hotpepper.jp/strJ001192884/food/,https://www.hotpepper.jp/strJ001192884/drink/
82,折衷Bar　シヅクトウヤ,https://www.hotpepper.jp/strJ000063402/food/,https://www.hotpepper.jp/strJ000063402/drink/
83,串カツ食べ飲み放題　串カツ屋　わっしょい,https://www.hotpepper.jp/strJ000961512/food/,https://www.hotpepper.jp/strJ000961512/drink/
84,大人たちの隠れ居酒屋　四葉,https://www.hotpepper.jp/strJ001108808/food/,https://www.hotpepper.jp/strJ001108808/drink/
85,武屋食堂　広瀬通り店,https://www.hotpepper.jp/strJ000662500/food/,https://www.hotpepper.jp/strJ000662500/drink/
86,祭居酒屋　みこし,https://www.hotpepper.jp/strJ000773147/food/,https://www.hotpepper.jp/strJ000773147/drink/
87,銀兵衛　(ぎんべえ),https://www.hotpepper.jp/strJ000278834/food/,https://www.hotpepper.jp/strJ000278834/drink/
88,RESTAURANT BAR ZIINO CLASSIC　（レストランバー　ジーノクラシック）,https://www.hotpepper.jp/strJ000101160/food/,https://www.hotpepper.jp/strJ000101160/drink/
89,活烏賊料理　旬の店　とよはし,https://www.hotpepper.jp/strJ000277078/food/,https://www.hotpepper.jp/strJ000277078/drink/
90,だんまや水産　定禅寺通店,https://www.hotpepper.jp/strJ000739658/food/,https://www.hotpepper.jp/strJ000739658/drink/
91,宮城の海の幸 山の幸 板前料理 晴れの日,https://www.hotpepper.jp/strJ000101135/food/,https://www.hotpepper.jp/strJ000101135/drink/
92,肉寿司　仙台国分町店,https://www.hotpepper.jp/strJ001135612/food/,https://www.hotpepper.jp/strJ001135612/drink/
93,肉男 MEATMAN　(ミートマン)　仙台,https://www.hotpepper.jp/strJ001009868/food/,https://www.hotpepper.jp/strJ001009868/drink/
94,炭火焼鳥　MOJA国分町店　(もじゃこくぶんちょうてん),https://www.hotpepper.jp/strJ001135926/food/,https://www.hotpepper.jp/strJ001135926/drink/
95,日本酒と金沢おでんと日本海料理 国分町 加賀の屋,https://www.hotpepper.jp/strJ001143966/food/,https://www.hotpepper.jp/strJ001143966/drink/
96,GOLF CLUB国分町（ゴルフクラブ）,https://www.hotpepper.jp/strJ001110488/food/,https://www.hotpepper.jp/strJ001110488/drink/
97,【barbe　国分町二丁目】肉　ステーキ　飲み放題　二次会　ワイン　貸切　イタリアン,https://www.hotpepper.jp/strJ000740578/food/,https://www.hotpepper.jp/strJ000740578/drink/
98,仙臺もも焼き　火鳥　HINOTORI,https://www.hotpepper.jp/strJ001191979/food/,https://www.hotpepper.jp/strJ001191979/drink/
99,SmileBar(スミレバー),https://www.hotpepper.jp/strJ000764214/food/,https://www.hotpepper.jp/strJ000764214/drink/
100,郷土料理　心平(しんぺい),https://www.hotpepper.jp/strJ000026362/food/,https://www.hotpepper.jp/strJ000026362/drink/
101,個室 和食 日本酒　仙臺 鳳山(せんだい ほうざん),https://www.hotpepper.jp/strJ001134560/food/,https://www.hotpepper.jp/strJ001134560/drink/
102,retro Back Page　レトロ バックページ　　（貸切　2次会　飲み放題　夜景　国分町）,https://www.hotpepper.jp/strJ000100896/food/,https://www.hotpepper.jp/strJ000100896/drink/
103,北海三陸炭火焼　まるかん,https://www.hotpepper.jp/strJ000806004/food/,https://www.hotpepper.jp/strJ000806004/drink/
104,海鮮酒房   べっか　　個室あり,https://www.hotpepper.jp/strJ001201731/food/,https://www.hotpepper.jp/strJ001201731/drink/
105,FOOD＆DINING　KENKENーケンケンー,https://www.hotpepper.jp/strJ001208325/food/,https://www.hotpepper.jp/strJ001208325/drink/
106,チーズ×肉バル チーズインニューヨーク 仙台国分町店,https://www.hotpepper.jp/strJ001209540/food/,https://www.hotpepper.jp/strJ001209540/drink/
107,金市朗　国分町店,https://www.hotpepper.jp/strJ000650983/food/,https://www.hotpepper.jp/strJ000650983/drink/
108,三陸・宮城のうまいもの　瑠璃座,https://www.hotpepper.jp/strJ000661809/food/,https://www.hotpepper.jp/strJ000661809/drink/
109,肉バル ジャスト肉（ジャストミート）,https://www.hotpepper.jp/strJ001100524/food/,https://www.hotpepper.jp/strJ001100524/drink/
110,ほたる　仙台国分町店,https://www.hotpepper.jp/strJ001194890/food/,https://www.hotpepper.jp/strJ001194890/drink/
111,【4/1 OPEN】個室完備　仙台個室居酒屋　杜のおかえり,https://www.hotpepper.jp/strJ001202636/food/,https://www.hotpepper.jp/strJ001202636/drink/
112,LIVE HOUSE　KENTO'S　仙台（ライブハウスケントス）,https://www.hotpepper.jp/strJ000277509/food/,https://www.hotpepper.jp/strJ000277509/drink/
113,炭火焼・海鮮居酒屋　海鮮屋　,https://www.hotpepper.jp/strJ000026754/food/,https://www.hotpepper.jp/strJ000026754/drink/
114,隠れ家ダイニング　α ＋ white（エーホワイト）,https://www.hotpepper.jp/strJ001195818/food/,https://www.hotpepper.jp/strJ001195818/drink/
115,うまいもんdeしあわせ 壱一 (いち) 国分町店,https://www.hotpepper.jp/strJ000028497/food/,https://www.hotpepper.jp/strJ000028497/drink/
116,仙台料理　ほんま,https://www.hotpepper.jp/strJ000026505/food/,https://www.hotpepper.jp/strJ000026505/drink/
117,ＳＣＯＴＣＨ　ＢＡＮＫ,https://www.hotpepper.jp/strJ000027075/food/,https://www.hotpepper.jp/strJ000027075/drink/
118,炉だん,https://www.hotpepper.jp/strJ000742996/food/,https://www.hotpepper.jp/strJ000742996/drink/
119,焼肉牛たん工房    兼   Ｋｅｎ（けん）,https://www.hotpepper.jp/strJ000055607/food/,https://www.hotpepper.jp/strJ000055607/drink/
120,ＳＣＯＴＣＨ　ＢＡＮＫ,https://www.hotpepper.jp/strJ000027075/food/,https://www.hotpepper.jp/strJ000027075/drink/
121,ラブミー牧場,https://www.hotpepper.jp/strJ000041257/food/,https://www.hotpepper.jp/strJ000041257/drink/
122,居酒屋　仙きち,https://www.hotpepper.jp/strJ001194183/food/,https://www.hotpepper.jp/strJ001194183/drink/
123,宮城の酒処　鶏きち,https://www.hotpepper.jp/strJ001192527/food/,https://www.hotpepper.jp/strJ001192527/drink/
124,占い＆ＢＡＲ　ＲＩＮＧ(リング),https://www.hotpepper.jp/strJ000028420/food/,https://www.hotpepper.jp/strJ000028420/drink/
125,食彩巧房　仙人屋,https://www.hotpepper.jp/strJ001039864/food/,https://www.hotpepper.jp/strJ001039864/drink/
126,BAR BULL,https://www.hotpepper.jp/strJ001211075/food/,https://www.hotpepper.jp/strJ001211075/drink/
127,ＣＡＤＩＺ　(カディス),https://www.hotpepper.jp/strJ001099953/food/,https://www.hotpepper.jp/strJ001099953/drink/
128,焼蛤　神楽,https://www.hotpepper.jp/strJ001171888/food/,https://www.hotpepper.jp/strJ001171888/drink/
129,JAPANX一頭買い 焼きとん　肉喰是(にくいぜ）,https://www.hotpepper.jp/strJ001008733/food/,https://www.hotpepper.jp/strJ001008733/drink/
130,ナインサーガ,https://www.hotpepper.jp/strJ001210613/food/,https://www.hotpepper.jp/strJ001210613/drink/
131,鉄板DINING鼎,https://www.hotpepper.jp/strJ001202098/food/,https://www.hotpepper.jp/strJ001202098/drink/
132,FOOD DINING　Ａｒｉｅｌ(アリエル)国分町店,https://www.hotpepper.jp/strJ001184825/food/,https://www.hotpepper.jp/strJ001184825/drink/
133,旬海さとう,https://www.hotpepper.jp/strJ000974401/food/,https://www.hotpepper.jp/strJ000974401/drink/
134,カラオケ＆フードSato～Secand Room～,https://www.hotpepper.jp/strJ001210304/food/,https://www.hotpepper.jp/strJ001210304/drink/
135,朝市直結 串揚げ油食来(オイルショック)仙台駅前朝市店,https://www.hotpepper.jp/strJ001185083/food/,https://www.hotpepper.jp/strJ001185083/drink/
136,骨付き鶏　ひなや,https://www.hotpepper.jp/strJ001038757/food/,https://www.hotpepper.jp/strJ001038757/drink/
137,東北の地酒と魚馬肉料理 酒肴さとう,https://www.hotpepper.jp/strJ001210269/food/,https://www.hotpepper.jp/strJ001210269/drink/
138,ビストロ　布袋屋,https://www.hotpepper.jp/strJ001208408/food/,https://www.hotpepper.jp/strJ001208408/drink/
139,とんがらし,https://www.hotpepper.jp/strJ000061413/food/,https://www.hotpepper.jp/strJ000061413/drink/
140,FOOD DINING　Ａｒｉｅｌ(アリエル)国分町店,https://www.hotpepper.jp/strJ001184825/food/,https://www.hotpepper.jp/strJ001184825/drink/
141,BAR BULL,https://www.hotpepper.jp/strJ001211075/food/,https://www.hotpepper.jp/strJ001211075/drink/
142,食彩巧房　仙人屋,https://www.hotpepper.jp/strJ001039864/food/,https://www.hotpepper.jp/strJ001039864/drink/
143,朝市直結 串揚げ油食来(オイルショック)仙台駅前朝市店,https://www.hotpepper.jp/strJ001185083/food/,https://www.hotpepper.jp/strJ001185083/drink/
144,ナインサーガ,https://www.hotpepper.jp/strJ001210613/food/,https://www.hotpepper.jp/strJ001210613/drink/
145,北陸おでんBAR　DENDEN,https://www.hotpepper.jp/strJ001210307/food/,https://www.hotpepper.jp/strJ001210307/drink/
146,HIGHBALL BAR 杜の都1923,https://www.hotpepper.jp/strJ001126030/food/,https://www.hotpepper.jp/strJ001126030/drink/
147,飲笑語楽,https://www.hotpepper.jp/strJ000768631/food/,https://www.hotpepper.jp/strJ000768631/drink/
148,和ダイニング　V31(ブイサイン),https://www.hotpepper.jp/strJ001185165/food/,https://www.hotpepper.jp/strJ001185165/drink/
149,大町へそのを,https://www.hotpepper.jp/strJ000655937/food/,https://www.hotpepper.jp/strJ000655937/drink/
150,なみなみ,https://www.hotpepper.jp/strJ000064078/food/,https://www.hotpepper.jp/strJ000064078/drink/
151,牛たん　一福,https://www.hotpepper.jp/strJ000100947/food/,https://www.hotpepper.jp/strJ000100947/drink/
152,舞鶴,https://www.hotpepper.jp/strJ000277528/food/,https://www.hotpepper.jp/strJ000277528/drink/
153,肉とチーズフォンデュ&ピザ食べ放題 仙台国分町　ONE DROP CAFE(ワンドロップカフェ),https://www.hotpepper.jp/strJ001160692/food/,https://www.hotpepper.jp/strJ001160692/drink/
154,CAFE&BAR ゲームハウス コング,https://www.hotpepper.jp/strJ001177077/food/,https://www.hotpepper.jp/strJ001177077/drink/
155,とらの尾,https://www.hotpepper.jp/strJ000026863/food/,https://www.hotpepper.jp/strJ000026863/drink/
156,炭火串焼　さんだぁばーど,https://www.hotpepper.jp/strJ000026534/food/,https://www.hotpepper.jp/strJ000026534/drink/
157,AMBER　RONDO　アンバーロンド,https://www.hotpepper.jp/strJ000722389/food/,https://www.hotpepper.jp/strJ000722389/drink/
158,太左ェ門,https://www.hotpepper.jp/strJ000277451/food/,https://www.hotpepper.jp/strJ000277451/drink/
159,相席屋　仙台国分町店,https://www.hotpepper.jp/strJ001128125/food/,https://www.hotpepper.jp/strJ001128125/drink/
160,大衆料理　魚しげ,https://www.hotpepper.jp/strJ000973806/food/,https://www.hotpepper.jp/strJ000973806/drink/
161,みょうがや,https://www.hotpepper.jp/strJ000276903/food/,https://www.hotpepper.jp/strJ000276903/drink/
162,おのちゃん,https://www.hotpepper.jp/strJ000027869/food/,https://www.hotpepper.jp/strJ000027869/drink/
163,壱盛　(いっせい）,https://www.hotpepper.jp/strJ000761856/food/,https://www.hotpepper.jp/strJ000761856/drink/
164,ＲＥＳＴＡＵＲＡＮＴ　ＢＡＲ　牧水　bokusui,https://www.hotpepper.jp/strJ000806415/food/,https://www.hotpepper.jp/strJ000806415/drink/
165,EMANON,https://www.hotpepper.jp/strJ000666336/food/,https://www.hotpepper.jp/strJ000666336/drink/
166,炭火和房　へそ家,https://www.hotpepper.jp/strJ000057632/food/,https://www.hotpepper.jp/strJ000057632/drink/
167,焼鳥ダイニング　いただきコッコちゃん　サンモール店,https://www.hotpepper.jp/strJ000651783/food/,https://www.hotpepper.jp/strJ000651783/drink/
168,居酒屋　螢,https://www.hotpepper.jp/strJ001178935/food/,https://www.hotpepper.jp/strJ001178935/drink/
169,Bar Lounge 欅　（けやき）,https://www.hotpepper.jp/strJ000637950/food/,https://www.hotpepper.jp/strJ000637950/drink/
170,やんちゃぼうず,https://www.hotpepper.jp/strJ000697214/food/,https://www.hotpepper.jp/strJ000697214/drink/
171,龍　仙台店,https://www.hotpepper.jp/strJ000661853/food/,https://www.hotpepper.jp/strJ000661853/drink/
172,牛たん炭焼　利久　市役所前店,https://www.hotpepper.jp/strJ000661843/food/,https://www.hotpepper.jp/strJ000661843/drink/
173,炭火はらみ専門居酒屋　福光,https://www.hotpepper.jp/strJ000989143/food/,https://www.hotpepper.jp/strJ000989143/drink/
174,焼鳥ダイニング　いただきコッコちゃん　マーブルロード店,https://www.hotpepper.jp/strJ000063548/food/,https://www.hotpepper.jp/strJ000063548/drink/
175,秀喜,https://www.hotpepper.jp/strJ000796807/food/,https://www.hotpepper.jp/strJ000796807/drink/
176,だてまち　みさと,https://www.hotpepper.jp/strJ000739850/food/,https://www.hotpepper.jp/strJ000739850/drink/
177,鰊御殿　1号店,https://www.hotpepper.jp/strJ000278650/food/,https://www.hotpepper.jp/strJ000278650/drink/
178,Ａ－ＢOO　（アブー）,https://www.hotpepper.jp/strJ000061094/food/,https://www.hotpepper.jp/strJ000061094/drink/
179,てる,https://www.hotpepper.jp/strJ000989063/food/,https://www.hotpepper.jp/strJ000989063/drink/
180,てる,https://www.hotpepper.jp/strJ000989063/food/,https://www.hotpepper.jp/strJ000989063/drink/
181,牛たん　一福,https://www.hotpepper.jp/strJ000100947/food/,https://www.hotpepper.jp/strJ000100947/drink/
182,唄屋,https://www.hotpepper.jp/strJ000742794/food/,https://www.hotpepper.jp/strJ000742794/drink/
183,EMANON,https://www.hotpepper.jp/strJ000666336/food/,https://www.hotpepper.jp/strJ000666336/drink/
184,大町へそのを,https://www.hotpepper.jp/strJ000655937/food/,https://www.hotpepper.jp/strJ000655937/drink/
185,壱盛　(いっせい）,https://www.hotpepper.jp/strJ000761856/food/,https://www.hotpepper.jp/strJ000761856/drink/
186,囲酒屋　めったら家,https://www.hotpepper.jp/strJ001100891/food/,https://www.hotpepper.jp/strJ001100891/drink/
187,Bar Lounge 欅　（けやき）,https://www.hotpepper.jp/strJ000637950/food/,https://www.hotpepper.jp/strJ000637950/drink/
188,BAR CIPHER　(バー サイファ),https://www.hotpepper.jp/strJ000724139/food/,https://www.hotpepper.jp/strJ000724139/drink/
189,和ダイニング　V31(ブイサイン),https://www.hotpepper.jp/strJ001185165/food/,https://www.hotpepper.jp/strJ001185165/drink/
190,GOLTO　GOLF＆PARTYSPACE,https://www.hotpepper.jp/strJ001142930/food/,https://www.hotpepper.jp/strJ001142930/drink/
191,備長炭火やきとりと竃めし　酉や喜兵衛　仙台店,https://www.hotpepper.jp/strJ001039508/food/,https://www.hotpepper.jp/strJ001039508/drink/
192,おのちゃん,https://www.hotpepper.jp/strJ000027869/food/,https://www.hotpepper.jp/strJ000027869/drink/
193,斎太郎,https://www.hotpepper.jp/strJ000278618/food/,https://www.hotpepper.jp/strJ000278618/drink/
194,だてまち　みさと,https://www.hotpepper.jp/strJ000739850/food/,https://www.hotpepper.jp/strJ000739850/drink/
195,炭火串焼　さんだぁばーど,https://www.hotpepper.jp/strJ000026534/food/,https://www.hotpepper.jp/strJ000026534/drink/
196,遊食酒家 飛ん風村,https://www.hotpepper.jp/strJ000655932/food/,https://www.hotpepper.jp/strJ000655932/drink/
197,和ごころ 元　癒酒家,https://www.hotpepper.jp/strJ000636744/food/,https://www.hotpepper.jp/strJ000636744/drink/
198,見聞録 リッチフィールド店,https://www.hotpepper.jp/strJ000026988/food/,https://www.hotpepper.jp/strJ000026988/drink/
199,総本家 やまこう,https://www.hotpepper.jp/strJ000276928/food/,https://www.hotpepper.jp/strJ000276928/drink/
200,居酒屋 ひまわり,https://www.hotpepper.jp/strJ000283207/food/,https://www.hotpepper.jp/strJ000283207/drink/
201,うずお家,https://www.hotpepper.jp/strJ000762994/food/,https://www.hotpepper.jp/strJ000762994/drink/
202,もつ鍋 正時浪,https://www.hotpepper.jp/strJ000661862/food/,https://www.hotpepper.jp/strJ000661862/drink/
203,土風炉 仙台国分町店,https://www.hotpepper.jp/strJ000041055/food/,https://www.hotpepper.jp/strJ000041055/drink/
204,やぶ屋 仙台国分町店,https://www.hotpepper.jp/strJ000717986/food/,https://www.hotpepper.jp/strJ000717986/drink/
205,酔,https://www.hotpepper.jp/strJ000100954/food/,https://www.hotpepper.jp/strJ000100954/drink/
206,きゃりっこ亭,https://www.hotpepper.jp/strJ000101028/food/,https://www.hotpepper.jp/strJ000101028/drink/
207,don／dez,https://www.hotpepper.jp/strJ000027469/food/,https://www.hotpepper.jp/strJ000027469/drink/
208,ＳＴ．ＥＬＭＯ’Ｓ　ＢＡＲ,https://www.hotpepper.jp/strJ000100894/food/,https://www.hotpepper.jp/strJ000100894/drink/
209,伊右衛ェ門,https://www.hotpepper.jp/strJ000276843/food/,https://www.hotpepper.jp/strJ000276843/drink/
210,オーレ・チャコールバル,https://www.hotpepper.jp/strJ000837266/food/,https://www.hotpepper.jp/strJ000837266/drink/
211,てなんご,https://www.hotpepper.jp/strJ000301794/food/,https://www.hotpepper.jp/strJ000301794/drink/
212,ぜあみ厨房,https://www.hotpepper.jp/strJ000054844/food/,https://www.hotpepper.jp/strJ000054844/drink/
213,炉ばた,https://www.hotpepper.jp/strJ000100952/food/,https://www.hotpepper.jp/strJ000100952/drink/
214,青森産地直送炉端居酒屋宵宮がほんず,https://www.hotpepper.jp/strJ001171943/food/,https://www.hotpepper.jp/strJ001171943/drink/
215,JKBar（じぇーけいばー）,https://www.hotpepper.jp/strJ001000484/food/,https://www.hotpepper.jp/strJ001000484/drink/
216,MILLESIMES,https://www.hotpepper.jp/strJ000748603/food/,https://www.hotpepper.jp/strJ000748603/drink/
217,ベルベット,https://www.hotpepper.jp/strJ000666278/food/,https://www.hotpepper.jp/strJ000666278/drink/
218,ダニエルズ（Ｄａｎｉｅｌ’ｓ）,https://www.hotpepper.jp/strJ000712003/food/,https://www.hotpepper.jp/strJ000712003/drink/
219,日本酒処参壱丸撰(ニホンシュドコロサンイチマルサン）,https://www.hotpepper.jp/strJ001039111/food/,https://www.hotpepper.jp/strJ001039111/drink/
220,エンジェルヒップ,https://www.hotpepper.jp/strJ000101168/food/,https://www.hotpepper.jp/strJ000101168/drink/
221,魚貝料理 松平,https://www.hotpepper.jp/strJ000278531/food/,https://www.hotpepper.jp/strJ000278531/drink/
222,炉ばた,https://www.hotpepper.jp/strJ000100952/food/,https://www.hotpepper.jp/strJ000100952/drink/
223,一番茶屋,https://www.hotpepper.jp/strJ000277448/food/,https://www.hotpepper.jp/strJ000277448/drink/
224,ラガッツォ,https://www.hotpepper.jp/strJ001054827/food/,https://www.hotpepper.jp/strJ001054827/drink/
225,こづち,https://www.hotpepper.jp/strJ000991182/food/,https://www.hotpepper.jp/strJ000991182/drink/
226,いぶき,https://www.hotpepper.jp/strJ000283217/food/,https://www.hotpepper.jp/strJ000283217/drink/
227,炭火焼鳥　かしわ家,https://www.hotpepper.jp/strJ000277641/food/,https://www.hotpepper.jp/strJ000277641/drink/
228,ＢＡＲ　ＡＲＧＯＳ,https://www.hotpepper.jp/strJ000636306/food/,https://www.hotpepper.jp/strJ000636306/drink/
229,きむら家,https://www.hotpepper.jp/strJ001019673/food/,https://www.hotpepper.jp/strJ001019673/drink/
230,懐,https://www.hotpepper.jp/strJ000278405/food/,https://www.hotpepper.jp/strJ000278405/drink/
231,桃水,https://www.hotpepper.jp/strJ000277176/food/,https://www.hotpepper.jp/strJ000277176/drink/
232,ｊａｚｚ　ｔｉｍｅ　ＫＥＬＬＹ,https://www.hotpepper.jp/strJ000278890/food/,https://www.hotpepper.jp/strJ000278890/drink/
233,Ｍ’ｓ　Ｂａｒ,https://www.hotpepper.jp/strJ000862437/food/,https://www.hotpepper.jp/strJ000862437/drink/
234,点・天,https://www.hotpepper.jp/strJ001119963/food/,https://www.hotpepper.jp/strJ001119963/drink/
235,ＬＡ’ＤＯＮＮＡ,https://www.hotpepper.jp/strJ000862434/food/,https://www.hotpepper.jp/strJ000862434/drink/
236,酒場一,https://www.hotpepper.jp/strJ001054795/food/,https://www.hotpepper.jp/strJ001054795/drink/
237,柚庵,https://www.hotpepper.jp/strJ000028416/food/,https://www.hotpepper.jp/strJ000028416/drink/
238,おでんとおばんざい魔法のたまご,https://www.hotpepper.jp/strJ001196325/food/,https://www.hotpepper.jp/strJ001196325/drink/
239,Seren,https://www.hotpepper.jp/strJ000989579/food/,https://www.hotpepper.jp/strJ000989579/drink/
240,ニューピナツブ,https://www.hotpepper.jp/strJ000991263/food/,https://www.hotpepper.jp/strJ000991263/drink/
241,ピアーチェ,https://www.hotpepper.jp/strJ000666334/food/,https://www.hotpepper.jp/strJ000666334/drink/
242,（有）北の一チェーン　地料理じょじょや,https://www.hotpepper.jp/strJ000278915/food/,https://www.hotpepper.jp/strJ000278915/drink/
243,一番茶屋,https://www.hotpepper.jp/strJ000277448/food/,https://www.hotpepper.jp/strJ000277448/drink/
244,ＤＩＴＡ　ＢＡＲ,https://www.hotpepper.jp/strJ000862435/food/,https://www.hotpepper.jp/strJ000862435/drink/
245,ばがぼんど,https://www.hotpepper.jp/strJ000278905/food/,https://www.hotpepper.jp/strJ000278905/drink/
246,Spain Bar Dining Vamos !,https://www.hotpepper.jp/strJ001118154/food/,https://www.hotpepper.jp/strJ001118154/drink/
247,ウイスキーカクテル長三郎,https://www.hotpepper.jp/strJ001017864/food/,https://www.hotpepper.jp/strJ001017864/drink/
248,やの字,https://www.hotpepper.jp/strJ000278876/food/,https://www.hotpepper.jp/strJ000278876/drink/
249,こづち,https://www.hotpepper.jp/strJ000991182/food/,https://www.hotpepper.jp/strJ000991182/drink/
250,二代目隠れ家,https://www.hotpepper.jp/strJ001171880/food/,https://www.hotpepper.jp/strJ001171880/drink/
251,カクテルバーインディード,https://www.hotpepper.jp/strJ000928011/food/,https://www.hotpepper.jp/strJ000928011/drink/
252,Ｂａｒ　Ａｆｔｅｒ－Ｆｉｖｅ,https://www.hotpepper.jp/strJ000666267/food/,https://www.hotpepper.jp/strJ000666267/drink/
253,民芸創作料理いも,https://www.hotpepper.jp/strJ000278867/food/,https://www.hotpepper.jp/strJ000278867/drink/
254,福わうち,https://www.hotpepper.jp/strJ001148099/food/,https://www.hotpepper.jp/strJ001148099/drink/
255,チャッピー２１,https://www.hotpepper.jp/strJ000666328/food/,https://www.hotpepper.jp/strJ000666328/drink/
256,どん亭,https://www.hotpepper.jp/strJ000277258/food/,https://www.hotpepper.jp/strJ000277258/drink/
257,旬味酒好「かん」,https://www.hotpepper.jp/strJ000277552/food/,https://www.hotpepper.jp/strJ000277552/drink/
258,リハーサル,https://www.hotpepper.jp/strJ000666285/food/,https://www.hotpepper.jp/strJ000666285/drink/
259,てんでん,https://www.hotpepper.jp/strJ001171879/food/,https://www.hotpepper.jp/strJ001171879/drink/
260,飲み処・喰い処 ゆめや,https://www.hotpepper.jp/strJ000277441/food/,https://www.hotpepper.jp/strJ000277441/drink/
261,ぱっくん,https://www.hotpepper.jp/strJ001148052/food/,https://www.hotpepper.jp/strJ001148052/drink/
262,いそ藤,https://www.hotpepper.jp/strJ000276848/food/,https://www.hotpepper.jp/strJ000276848/drink/
263,ピアーチェ,https://www.hotpepper.jp/strJ000666334/food/,https://www.hotpepper.jp/strJ000666334/drink/
264,Pray,https://www.hotpepper.jp/strJ000710305/food/,https://www.hotpepper.jp/strJ000710305/drink/
265,日本酒処参壱丸撰(ニホンシュドコロサンイチマルサン）,https://www.hotpepper.jp/strJ001039111/food/,https://www.hotpepper.jp/strJ001039111/drink/
266,二丁目酒場ぽんた,https://www.hotpepper.jp/strJ001148045/food/,https://www.hotpepper.jp/strJ001148045/drink/
267,セイント,https://www.hotpepper.jp/strJ000666261/food/,https://www.hotpepper.jp/strJ000666261/drink/
268,なんかんや,https://www.hotpepper.jp/strJ000651344/food/,https://www.hotpepper.jp/strJ000651344/drink/
269,ｂａｒ　j．a．M,https://www.hotpepper.jp/strJ000278806/food/,https://www.hotpepper.jp/strJ000278806/drink/
270,リハーサル,https://www.hotpepper.jp/strJ000666285/food/,https://www.hotpepper.jp/strJ000666285/drink/
271,ギャラリー,https://www.hotpepper.jp/strJ000666268/food/,https://www.hotpepper.jp/strJ000666268/drink/
272,なつかし屋,https://www.hotpepper.jp/strJ000872279/food/,https://www.hotpepper.jp/strJ000872279/drink/
273,てんでん,https://www.hotpepper.jp/strJ001171879/food/,https://www.hotpepper.jp/strJ001171879/drink/
274,梅鉢,https://www.hotpepper.jp/strJ000278767/food/,https://www.hotpepper.jp/strJ000278767/drink/
275,ギアーズ,https://www.hotpepper.jp/strJ000808886/food/,https://www.hotpepper.jp/strJ000808886/drink/
276,いまりや,https://www.hotpepper.jp/strJ000027619/food/,https://www.hotpepper.jp/strJ000027619/drink/
277,どん亭,https://www.hotpepper.jp/strJ000277258/food/,https://www.hotpepper.jp/strJ000277258/drink/
278,てなんご,https://www.hotpepper.jp/strJ000301794/food/,https://www.hotpepper.jp/strJ000301794/drink/
279,福わうち,https://www.hotpepper.jp/strJ001148099/food/,https://www.hotpepper.jp/strJ001148099/drink/
280,にいがたや国分町店,https://www.hotpepper.jp/strJ000276935/food/,https://www.hotpepper.jp/strJ000276935/drink/
281,いそ藤,https://www.hotpepper.jp/strJ000276848/food/,https://www.hotpepper.jp/strJ000276848/drink/
282,ラガッツォ,https://www.hotpepper.jp/strJ001054827/food/,https://www.hotpepper.jp/strJ001054827/drink/
283,いおり,https://www.hotpepper.jp/strJ000759045/food/,https://www.hotpepper.jp/strJ000759045/drink/
284,魚貝料理 松平,https://www.hotpepper.jp/strJ000278531/food/,https://www.hotpepper.jp/strJ000278531/drink/
285,ＢＡＲ　ＡＲＧＯＳ,https://www.hotpepper.jp/strJ000636306/food/,https://www.hotpepper.jp/strJ000636306/drink/
286,いぶき,https://www.hotpepper.jp/strJ000283217/food/,https://www.hotpepper.jp/strJ000283217/drink/
287,とらの尾,https://www.hotpepper.jp/strJ001148068/food/,https://www.hotpepper.jp/strJ001148068/drink/
288,どんどんじゅ,https://www.hotpepper.jp/strJ000277438/food/,https://www.hotpepper.jp/strJ000277438/drink/
289,ら・くう,https://www.hotpepper.jp/strJ000782660/food/,https://www.hotpepper.jp/strJ000782660/drink/
290,梅鉢,https://www.hotpepper.jp/strJ000278767/food/,https://www.hotpepper.jp/strJ000278767/drink/
291,きむら家,https://www.hotpepper.jp/strJ001019673/food/,https://www.hotpepper.jp/strJ001019673/drink/
292,なつかし屋,https://www.hotpepper.jp/strJ000872279/food/,https://www.hotpepper.jp/strJ000872279/drink/
293,海鮮すし処 下駄や,https://www.hotpepper.jp/strJ000040557/food/,https://www.hotpepper.jp/strJ000040557/drink/
294,居酒屋兆治,https://www.hotpepper.jp/strJ000283198/food/,https://www.hotpepper.jp/strJ000283198/drink/
295,エグゼリーナ,https://www.hotpepper.jp/strJ000782654/food/,https://www.hotpepper.jp/strJ000782654/drink/
296,GOOD　BEER　MARKET　ENN,https://www.hotpepper.jp/strJ001037366/food/,https://www.hotpepper.jp/strJ001037366/drink/
297,グレンハウス,https://www.hotpepper.jp/strJ000862238/food/,https://www.hotpepper.jp/strJ000862238/drink/
298,いまりや,https://www.hotpepper.jp/strJ000027619/food/,https://www.hotpepper.jp/strJ000027619/drink/
299,雷家族,https://www.hotpepper.jp/strJ000028226/food/,https://www.hotpepper.jp/strJ000028226/drink/
300,とらのあな,https://www.hotpepper.jp/strJ000808811/food/,https://www.hotpepper.jp/strJ000808811/drink/
301,野球茶屋 暖風,https://www.hotpepper.jp/strJ000302099/food/,https://www.hotpepper.jp/strJ000302099/drink/
302,酒場一,https://www.hotpepper.jp/strJ001054795/food/,https://www.hotpepper.jp/strJ001054795/drink/
303,レサシェル　バール,https://www.hotpepper.jp/strJ000101177/food/,https://www.hotpepper.jp/strJ000101177/drink/
304,エンジェルヒップ,https://www.hotpepper.jp/strJ000101168/food/,https://www.hotpepper.jp/strJ000101168/drink/
305,桃水,https://www.hotpepper.jp/strJ000277176/food/,https://www.hotpepper.jp/strJ000277176/drink/
306,炭火料理黒うさぎ,https://www.hotpepper.jp/strJ001147166/food/,https://www.hotpepper.jp/strJ001147166/drink/
307,おでんとおばんざい魔法のたまご,https://www.hotpepper.jp/strJ001196325/food/,https://www.hotpepper.jp/strJ001196325/drink/
308,もつ処朋治郎,https://www.hotpepper.jp/strJ001019677/food/,https://www.hotpepper.jp/strJ001019677/drink/
309,レ・シャ,https://www.hotpepper.jp/strJ000666282/food/,https://www.hotpepper.jp/strJ000666282/drink/
310,ｂａｒ　j．a．M,https://www.hotpepper.jp/strJ000278806/food/,https://www.hotpepper.jp/strJ000278806/drink/
311,Pray,https://www.hotpepper.jp/strJ000710305/food/,https://www.hotpepper.jp/strJ000710305/drink/
312,セイント,https://www.hotpepper.jp/strJ000666261/food/,https://www.hotpepper.jp/strJ000666261/drink/
313,鰊御殿 2号店,https://www.hotpepper.jp/strJ000872332/food/,https://www.hotpepper.jp/strJ000872332/drink/
